Actual,Predicted
57.82,62.8251
93.68,86.4189
80.63,76.2622
78.89,75.8676
90.87,81.9373
97.43,86.5222
91.37,84.6644
40.66,50.3733
76.6,74.2759
86.27,76.2818
81.72,78.0062
40.36,50.2865
64.18,65.6743
98.14,90.6021
79.32,73.9779
53.46,61.0315
61.31,65.259
53.44,58.7602
73.69,71.7871
86.1,78.2578
60.45,62.6106
79.62,76.4149
72.94,71.7783
56.71,62.4683
56.32,58.1942
72.32,70.9741
49.24,55.5344
45.67,54.3485
60.53,62.7732
47.09,70.7145
63.98,70.613
97.18,89.2869
96.13,86.8183
65.29,65.9451
59.93,62.718
74.72,73.969
54.4,59.2614
87.84,81.3669
86.45,78.836
57.78,61.7621
80.89,78.6929
73.75,70.4243
76.04,74.0732
74.47,68.1191
44.91,71.2804
68.19,70.67
91.6,83.076
41.39,50.1221
99.31,69.2315
47.1,64.5878
76.11,72.3954
90.88,71.4293
99.85,87.7759
75.31,74.9606
58.56,61.7652
90.69,82.7407
50.28,71.9678
59.15,73.3861
57,59.433
91.65,85.7334
65.3,67.4355
60.34,61.5491
53.16,59.0613
71.22,69.9218
64.56,67.582
89,80.7718
91.08,82.6059
54.13,72.9807
64.52,66.6673
94.18,66.9023
94.47,66.8902
95.87,85.4872
43.11,49.5034
73.85,75.2011
63.43,66.1831
77.9,74.5578
96.84,72.1825
50.22,59.7624
60.26,61.7994
59.84,63.4935
53.97,58.0824
58.88,61.5265
44.76,56.1639
59.55,62.89
51.22,56.226
50.79,53.683
65.49,66.2969
85.27,80.5187
53,56.8325
85.4,77.4948
72.44,71.2918
59.66,65.7269
52.34,60.82
65.76,66.5569
46.46,52.4593
99.13,89.1739
65.39,68.6128
52.8,57.7856
72.57,70.7493
69.9,73.3195
72.48,75.7253
77.97,75.3711
83.36,77.5307
99.98,90.2992
42.02,52.4682
65.56,64.5143
88.07,79.0821
55.39,57.2926
55.07,58.5411
76.97,75.3779
88.9,79.5979
67.14,77.586
62.75,62.7106
98.41,87.274
47.01,54.9
64.51,64.3359
45.89,51.704
41.71,52.6365
76.47,75.0373
82.05,77.754
94.48,83.9125
98.85,87.3827
47.15,53.0395
96.76,85.3682
96.03,71.2066
77.52,76.07
60.32,64.2053
49,55.1336
68.63,68.1393
49.53,57.1583
64.33,66.8019
78.51,75.045
78.62,74.7583
69.79,70.7021
84.02,68.7598
98.27,68.6538
54.67,61.7109
75.71,75.2826
64.32,64.707
82.1,79.0924
71.45,68.1528
62.89,69.5559
88.98,83.8707
83.72,77.8455
64.65,68.3869
45.01,55.6162
71.82,72.0603
60.39,65.634
78.67,75.1363
57.01,76.6113
80.17,77.4795
48.49,59.5764
84.15,76.2474
78.74,77.1285
57,60.253
41.64,50.6987
79.32,78.1908
76.17,68.4199
47.36,54.4527
75.08,74.9044
94.71,84.7943
49.09,57.0653
63.07,64.4827
42.59,62.2749
68.16,69.4474
95.93,86.8889
53.78,68.8757
59.19,65.1848
84.81,64.4446
84.01,80.2385
63.29,67.4894
70.88,70.0457
68.04,72.8288
86.16,70.2055
47.99,55.8429
87.51,68.6552
43.61,51.7677
80.67,77.5959
62.32,70.5366
84.06,63.3465
41.3,51.8733
51.54,57.5877
65.35,63.1303
77.48,74.2317
92.36,83.6706
67.37,66.7454
64.87,67.0807
70.06,71.2198
82.03,70.4148
41.87,50.7662
93.45,87.1134
54.96,60.7259
50.76,57.6895
94.85,83.7661
59.47,70.6051
67.38,67.7817
56.17,71.0542
57.78,63.0648
89.21,84.0023
93.58,72.4291
83.73,77.6023
95.11,83.8024
67.57,66.9188
89.76,80.0035
46.29,55.542
75.17,75.2098
57.86,63.4639
83.57,76.9027
42.35,72.7657
71.86,72.0113
73.92,69.4081
44.73,71.2237
82.83,73.277
85.62,80.6405
74.59,73.4847
53.08,58.9105
90,80.3493
45.67,55.8087
82.3,65.5698
41.52,51.7088
40.57,50.7367
48.6,73.1709
79.83,76.1238
96.52,87.0616
40.34,52.074
69.95,69.0326
76.2,75.605
97.63,87.4446
93.11,88.4963
80.32,71.4682
52.09,59.1585
50.14,72.6375
84.49,76.2498
93.21,66.6416
65.14,67.3593
93.45,84.7539
40.44,50.0741
47.5,69.1301
97.37,88.3282
85.85,62.2484
42.14,53.28
42.66,50.3789
62.86,63.8254
74.08,70.9903
56.81,62.04
79.49,74.31
99.55,67.0567
88.28,69.3498
74.7,71.6873
42.24,53.8612
90.58,81.9306
50.25,73.4565
43.3,68.6302
55.17,58.8006
47.59,62.5861
65.11,64.932
66.72,69.1172
80.13,67.0626
96.24,87.7703
68.35,66.4371
52.8,56.7004
85.32,64.8946
65.28,67.1049
95.06,87.0375
88.7,82.4523
67.18,68.1645
75.04,73.1596
72.57,72.0965
88.51,83.0326
76.76,73.874
77.1,74.6902
62.82,64.6976
81.48,78.6841
79.57,74.6613
69.94,66.1394
67.05,67.7449
57.57,60.0572
45.53,55.0679
72.5,71.8222
80.32,67.4295
77.88,74.7107
86.74,80.7391
85.66,71.7482
62.52,66.2367
92.25,83.1692
92.73,85.6428
60.62,63.2579
45.5,50.5105
62.02,64.646
73.85,69.1842
79.41,75.744
80.05,67.0688
74.78,74.1963
72.51,69.2594
65.38,65.7905
73.81,73.4012
47.3,69.9501
49.44,57.0481
58.53,72.3973
82.18,79.0646
45.46,53.4043
67.55,66.9978
99.62,89.2935
89.79,84.3403
99.67,89.0666
65.72,66.0281
92.45,82.749
97.45,85.0635
50.37,57.2298
43.6,53.887
74.88,75.0838
42.24,51.6117
88.37,85.4123
79.41,78.977
44.73,51.7802
55.07,72.2444
94.91,85.6351
88.66,83.2041
43.92,69.7473
47.16,57.493
99.46,92.1122
86.85,71.6751
50.5,67.6863
42.64,50.8791
84.08,77.4368
94.32,84.713
57.85,64.3404
44.44,54.2519
68.84,70.7589
57.91,60.8131
61.42,64.0177
85.92,81.0662
75.55,64.9052
54.37,62.223
40.01,47.1442
88.17,78.3452
89.36,79.4676
44.59,52.4791
75.11,70.1456
89.26,82.7486
63.38,66.1512
51.88,59.2636
75.26,73.5218
76.14,70.4904
77.88,76.8772
78.08,77.5522
79.92,75.0422
72.05,65.9292
55.64,61.7803
67.78,70.0574
94.58,89.4476
65.6,70.1642
42.12,49.3672
44.67,69.5736
44.88,71.5375
53.66,60.8366
84.84,80.6285
54.79,60.5463
65.86,66.4334
59.89,66.9332
75.12,71.627
60.27,64.3454
63.58,66.0099
91.77,82.5275
89.66,80.7972
74.18,71.3078
73.06,71.0076
88.57,74.2796
85.64,67.4971
42.16,53.6297
45.11,53.8024
82.31,76.4297
84.14,77.8384
88.84,83.5024
50.01,56.9474
48.07,57.4114
87.85,81.2353
53.72,59.3288
77.39,72.7383
44.62,54.8826
46.4,58.7209
81.82,77.2156
52.59,59.8707
53.98,60.5983
88.66,82.6993
70.11,69.6561
81.91,75.7957
67.17,69.9329
54.26,59.1569
52.85,59.822
75.49,72.466
79.24,76.1533
82.4,77.7607
97.89,68.4889
60.79,62.6584
92.72,81.7772
79.07,76.4734
46.05,52.7088
41.73,54.3557
82.89,77.8821
79.67,72.971
41.83,50.8528
83.95,65.7397
62.71,63.5243
68.79,70.8124
92.03,87.7524
46.06,55.2745
94.66,69.9274
94.14,72.3881
84.99,79.8292
95.45,67.2843
51.08,65.9773
82.18,78.4715
49.14,60.0829
57.61,70.0543
60.04,60.2604
41.63,52.0922
88.81,82.2553
45.64,59.1564
63.37,67.7783
80.18,70.4959
46.39,57.0423
52.96,67.6721
52.81,60.8614
72.17,72.8746
80.26,76.8001
83.51,79.3604
85.25,81.2096
86.44,82.4859
43.14,56.7433
63.8,70.3449
43.81,51.0458
51.14,70.1294
67.76,72.1372
67.8,64.6763
82.79,75.5052
62.16,68.893
58.2,61.5673
76.83,71.3986
69.43,69.7036
83.38,70.628
66.6,67.0113
80.2,77.4603
53.27,70.4746
63.16,65.2091
41.73,68.1314
66.22,66.6269
75.93,74.0665
70.43,70.9365
47.4,56.8266
89.43,65.1601
84.98,79.796
47.24,56.4375
70.99,70.1404
66.65,66.4272
90.04,83.1816
53.72,61.0916
93.25,65.1767
85.29,80.2622
96.3,86.7871
80.16,76.038
91.58,75.8599
94.25,86.4204
89.85,67.0261
49.53,70.5445
60.04,62.8681
53.97,57.8619
73.92,73.059
76.23,74.2867
90.01,79.4684
95.58,86.4624
81.61,62.7729
73.34,76.3127
67.28,68.0548
67.32,67.9533
78.08,74.9956
79.13,75.8555
73.38,72.237
44.19,72.8012
63.74,72.8124
92.94,69.6462
98.34,89.6283
79.9,69.8964
58.33,63.3451
88.82,82.8114
98.82,68.1412
86.43,72.6029
71.42,69.987
72.38,71.987
80.86,76.5129
97,90.4317
44.87,51.9354
74.71,73.9384
86.83,77.4058
44.42,56.7195
72.4,71.8674
56.65,64.6617
94.9,86.55
67.08,69.0993
93.91,86.3338
57.94,63.1096
63.24,61.964
52.08,59.7575
63.31,67.15
86.45,78.5531
66.23,67.106
81.94,75.0265
64.42,69.4369
43.51,69.3417
82.31,70.7633
40.68,53.6988
95.19,88.7599
46.66,56.256
75.44,71.5367
44.25,52.4803
41.36,51.6403
49.64,59.0348
90.2,83.1971
79.39,68.0738
59.93,62.797
52.99,58.2736
69.97,72.6517
77.47,71.3101
44.44,49.585
65.96,66.4085
48.04,54.8462
63.62,67.6204
96.39,66.2271
69.78,70.0468
40.01,49.4635
97.85,70.431
47.85,56.047
76.29,74.2352
48.31,56.9044
86.83,82.2375
81.39,76.7378
54.19,59.8861
49.6,58.2575
94.44,81.5274
42.43,50.614
75.26,73.4253
60.77,62.4439
64.34,67.173
47.14,55.9307
84.89,68.358
76.09,73.214
75.61,71.5176
86.72,79.0241
58.74,64.4991
99.35,86.9802
40.8,51.5071
58.37,62.1954
43.72,53.7722
58.98,63.3669
64.35,68.5848
44.83,53.9111
42.36,54.2425
96.77,88.7647
75.86,73.4702
92.66,84.8419
44.79,52.3083
73.23,70.1001
56.7,62.1439
82,77.0076
45.24,65.4001
46.51,68.2241
67.95,69.5622
97.63,65.0341
96.29,62.7615
94.17,84.1824
94.59,86.6513
41.41,51.5631
47,68.1268
79.83,74.8353
87.6,79.9953
69.3,69.5156
48.53,56.2496
93.07,80.9904
60.32,63.7906
98.64,88.9818
44.21,55.112
94.96,66.6068
53.93,66.9601
83.46,78.4255
42.52,52.035
69.11,68.1996
73.62,76.3573
51.28,62.8225
69.22,67.4025
95.28,83.9982
60.18,65.2131
51.31,60.8022
56.81,60.7238
49.88,55.8538
80.36,76.335
43.53,58.3016
78.77,68.2002
63.02,62.7889
83.65,78.0041
71.66,69.2738
96.49,86.8206
77.15,74.0844
83.54,78.2733
56.96,62.614
75.34,74.0077
64.27,63.3461
53,57.232
44.49,54.134
89.9,87.0532
70.57,70.7018
54.21,68.4167
66.46,68.5064
54.42,55.4609
90.21,84.1009
96.48,85.4624
64.25,66.0328
71.6,70.0199
95.09,66.4773
41.87,48.5865
60.18,66.1619
41.73,69.5462
45.37,68.1121
79.67,75.0002
78.07,75.4426
86.17,81.8076
79.01,76.3139
80.66,72.2563
86.46,80.7922
82.56,78.2447
76.08,73.5753
64.53,65.3824
94.14,85.3229
57.74,70.5795
40.55,49.233
59.14,63.443
79.09,75.1111
50.14,58.1145
70.76,68.7101
61.73,67.895
45.65,54.0599
82.92,78.5432
51.28,58.1706
61.97,64.9309
52.34,74.2881
74.62,72.5362
40.32,50.6396
82.78,75.8163
64.86,73.1008
88.64,84.8268
46.67,52.5581
42.46,73.7785
60.04,65.9659
77.56,76.5176
87.99,83.1463
76.67,68.901
54.13,59.5768
47.68,53.1644
95.61,67.7297
48.54,55.7722
93.48,85.4235
40.76,52.0834
63.48,66.5014
70.55,70.2456
89.17,80.2762
61.16,64.3211
95.39,86.5507
45.76,56.066
64.41,68.7035
78.69,71.087
48.06,55.4594
97.24,87.7403
75.58,74.8066
77.58,75.2539
76.24,74.8846
97.27,86.6841
61.59,64.0439
92.99,85.2076
96.17,85.8372
62.78,71.397
83.09,68.0997
83.18,78.2566
68.78,69.7465
71.39,72.368
73.52,73.1141
73.5,71.012
82.59,76.5541
83.02,79.7607
86.21,79.7101
41.18,50.2663
46.12,54.7067
83.78,79.461
66.24,69.1523
81.44,77.6138
53.41,65.2113
76.99,73.9392
90.83,80.4443
65.21,64.8794
92.6,83.7558
42.15,55.5344
53.38,60.2894
67.04,69.4214
71.95,71.1582
41.14,54.7249
87.33,81.4089
58.95,63.0018
81.53,77.2733
89.14,83.7741
84.45,74.6464
91.86,83.6877
58.29,60.3168
78.17,76.4874
72.08,71.0855
44.44,53.8153
90.5,80.2916
54.24,59.312
94.7,87.1158
81.73,78.2502
82.91,75.226
90.26,84.2336
67.15,66.7827
84.87,79.4149
42.15,51.4028
56.98,60.9123
78.88,76.5982
44.41,53.3179
57.24,60.9195
74.17,73.072
59.11,68.7607
65.08,68.3003
40.56,49.4826
56.58,62.6205
62.59,65.6404
71.63,67.9332
42.85,49.5801
89.93,81.873
62.38,61.086
55.45,62.8187
43.13,51.5587
66.41,63.8315
82.53,77.827
43.49,54.1873
62.24,69.1105
51.7,66.6768
57.24,60.5673
82.29,81.1221
62.5,63.8062
47.93,69.4229
52.5,60.1409
89.55,70.2373
82.95,75.7359
78.74,74.2264
94.99,87.8168
43.5,51.8309
50.05,58.8288
62.35,63.8538
52.39,57.1956
48.97,67.127
63.52,68.8206
82.37,79.7865
57.47,63.367
59.46,60.5333
89.13,67.8748
58.63,61.3313
78.29,70.7746
79.74,68.3524
66.83,69.3365
98.35,86.9124
69.13,67.8261
51.22,58.5245
72.84,71.921
78.8,76.2245
78.1,75.0683
48.65,67.0819
60.94,68.3268
91.16,80.61
41.65,51.1856
46.97,55.1351
71.69,70.8145
57.32,58.8007
88.56,85.2871
56.82,63.3555
42.35,54.2259
61.2,63.15
89.26,81.6081
49.78,57.2396
80.5,73.1239
72.79,75.2409
47.7,54.1056
48.72,54.5807
89.85,64.6944
71.68,65.9674
88.81,81.6194
89.68,85.0987
69.49,71.5709
86.23,80.9138
40.07,51.3154
77.4,77.3939
66.09,66.8516
70.23,71.389
63.07,65.278
89.24,84.466
65.5,67.1436
88.68,68.3547
95.13,83.939
76.03,72.5152
43.4,52.1797
73.62,72.922
89.37,71.8933
78.5,76.6043
50.76,67.9176
54.2,65.5494
63.68,64.1392
58.87,70.3424
50.16,56.832
41.18,51.233
86.12,78.9272
89.23,81.8784
64.99,70.4319
83.83,78.3323
43.33,76.7873
80.56,75.5649
88.1,77.37
76.97,73.5418
49.41,53.4656
91.19,83.7686
88.46,81.7034
57.87,60.8039
44.47,53.8369
45.57,54.6374
94.41,86.7077
83.12,78.1291
60.48,66.5244
80.94,76.6614
47.74,57.7565
82.35,71.4384
48.89,56.6148
49.05,69.9789
82.71,76.2247
68.64,68.1542
80.49,77.2393
86.43,79.4071
87.67,81.432
74.45,72.3444
47.24,55.3394
49.93,57.2465
88.2,69.1682
66.33,68.6589
59.63,62.2165
65.24,66.5603
62.08,60.4118
99.98,89.6558
70.84,66.8228
73.35,73.0717
53.57,59.5091
96.25,89.0662
87.17,79.3942
69.97,67.9526
82.5,69.2597
85.07,78.9153
57.96,65.2368
78.07,76.2144
67.29,70.1325
93.7,81.1147
49.16,54.7154
51.53,56.3604
58.58,62.9679
87.6,78.3055
62.83,72.8396
74.55,73.9721
89.36,63.7211
84.19,78.6067
47.99,57.4065
81.32,75.2044
64.56,68.4368
98.79,74.2361
65,66.6431
62.71,68.9388
95.82,87.8284
57.12,62.3882
51.23,72.6509
71.28,69.8513
91.44,85.3844
88.65,81.2665
44.38,51.6593
55.32,60.6013
94.52,81.787
83.84,79.6857
56.3,64.6419
41.67,67.2542
60.36,71.9608
71.03,73.4539
52.49,59.387
57.93,63.0874
74.82,71.2053
56.29,58.3199
41.69,50.3445
50.99,58.8154
64.49,68.1941
79.27,76.229
71.72,68.3409
89.64,67.9742
58.83,64.6138
77.66,75.3744
62.84,66.655
50.58,55.3642
72.64,72.0486
89.54,82.3702
67.42,68.8506
88.88,80.3982
74.52,72.8285
52.51,59.6267
52.96,70.2607
88.61,65.8209
56.97,61.2759
84.75,79.7186
55.72,61.1707
81.95,66.3831
60.71,64.7807
59.2,65.3504
51,57.5639
80.17,77.0533
95.44,85.5495
67.31,69.7516
94.99,85.2075
60.23,66.547
93.97,83.6463
61.51,61.9394
94.27,84.0357
54.61,60.2977
59.49,68.1297
61.18,65.5704
94.76,73.5286
99.94,87.9558
86.44,80.6894
69.06,68.8787
63.36,66.0728
76.4,73.72
68.85,70.9433
96.66,86.2774
82.73,80.1724
64.59,70.0027
40.61,52.0392
57.12,62.338
51.35,55.9749
50.02,54.8799
83.71,79.9756
54.37,61.2186
68.48,69.0691
74.81,73.9543
83.23,69.0599
59.86,66.9783
89.49,83.4123
59.39,69.3255
47.36,57.2713
72.74,71.8736
53.58,55.7448
89.28,81.741
42.57,50.6609
71.26,69.9507
75.34,75.4027
55.56,59.2668
69.94,67.0792
71.49,70.9471
44.17,55.1261
78.15,76.6613
52.62,57.4532
87.12,83.4393
46.65,55.9963
90.43,80.7674
44.04,53.5338
91.56,81.0113
56.45,62.6024
53.32,58.4799
62.35,67.6909
63.22,63.1717
64.36,65.1573
53.94,61.0818
41.83,52.0946
90.86,82.1804
59.58,61.2653
80.87,75.7509
73.9,72.3437
63.83,66.4337
79.92,78.7466
65.57,66.1218
56.99,61.8494
70.6,70.7187
68.64,69.552
50.94,59.6813
76.82,72.3587
41.37,55.0998
87.04,79.031
47.76,55.7546
97.78,88.8175
67,71.6142
83.71,79.6545
69.14,71.7619
83.52,76.3787
69.97,69.4071
88.17,71.3297
56.73,57.8436
90.03,82.1326
48.87,55.7719
90.48,79.4554
48.54,67.2057
96.95,72.4298
54.1,57.7368
80.18,75.2053
54.02,57.2055
51.26,60.9534
93.97,71.9423
94.18,82.4059
47.66,53.0706
52.26,58.7868
76.71,70.4736
70.83,68.8496
99.52,88.829
45.31,70.6696
71.15,74.8491
57.74,60.1586
72.39,71.0961
74.43,72.0284
74.65,71.9508
91.13,66.8578
70.98,71.7506
87.37,80.1325
40.65,49.7507
49.29,71.4298
70.69,70.5073
71.16,69.0892
75.88,72.0286
43.72,58.0373
63.92,63.2209
76.27,74.6724
75.31,72.6691
77.84,74.4634
49.53,74.2796
57.14,59.9515
67.66,67.8348
45.64,54.7879
98.49,89.7623
86.38,65.7283
91.92,84.4778
44.45,53.5637
60.13,68.7373
51.39,58.5047
77.8,77.7086
50.07,56.5717
99.36,91.1049
67.16,68.3074
60.13,75.7862
67.3,68.1056
49.99,56.6199
59.6,73.1151
60.97,64.3056
68.46,69.3825
90.67,71.1917
54.53,70.0886
51.71,58.1937
53.03,56.4318
69.53,72.3629
97.46,73.5457
59.35,65.1043
75.81,76.8629
84,81.0739
73.12,73.0348
55.22,59.6924
62.97,65.1324
60.26,68.4559
81.06,76.4715
89.85,83.5397
59.95,63.5653
54.02,60.0367
93.44,69.3129
87.04,77.6313
75.7,65.6069
62.72,65.6024
84.99,79.7043
65.69,67.362
71.03,70.0185
54.91,66.2468
76.39,73.2137
98.43,85.4395
99.28,62.6371
90.13,82.0363
70.08,70.5962
51.2,57.935
75.29,69.4127
81.69,77.9427
58.31,71.9688
41.28,67.9716
76.61,76.2145
65.39,65.6517
95.19,85.9104
63.92,64.7874
40.98,50.0341
71.96,68.6397
90,71.1468
51.51,56.607
97.2,86.1112
76.12,64.6833
97.26,85.6318
53.83,68.7611
40.36,79.1842
58.53,63.0737
98.86,63.39
66.71,64.4869
97.54,90.487
52.78,58.8241
81.36,82.6127
40.28,47.6192
92.84,86.7011
73.36,71.0066
48.7,57.0314
58.85,75.8861
54.07,57.5017
90.04,69.939
46.69,73.6176
81.6,74.5241
67.36,67.848
57.83,66.5119
49,56.9111
89.56,83.3444
60.87,75.6175
78.67,67.4968
85.1,81.2777
63.36,66.9915
82.98,74.6112
55.42,61.6542
46.2,55.0677
76.01,70.7877
63.02,63.6632
89.97,82.8349
95.29,71.9793
83.75,72.1814
49.53,75.8578
75.19,73.8173
67.46,68.6525
41.83,52.4185
76.39,72.8909
59.86,63.0864
65.08,64.5326
45.2,53.0457
93.91,86.5503
65.56,66.5357
98.32,87.3562
70.51,69.7609
83.8,78.6746
81.9,76.1499
85.65,70.483
67.89,69.2103
76.52,68.1004
44.23,51.587
43.9,54.0559
97.92,89.1356
57.67,60.1953
86.06,81.9032
95.14,89.1804
57.08,61.5992
46.74,71.8325
75.39,75.0832
46.16,53.3804
71.39,71.1686
80.5,69.1166
95.07,81.2169
52.16,70.4226
45.44,52.0813
97.04,89.1755
69.92,69.094
57.49,62.7098
82.61,79.0763
46.95,54.3187
45.1,52.4986
71.63,71.497
59.61,72.2206
85.51,75.7352
43.46,53.2352
73.76,66.7726
69.87,69.174
69.01,68.3528
62.08,65.7626
56.29,61.9412
59.06,63.2878
50.04,59.2285
88.53,82.2925
89.39,69.7456
73.04,72.5822
50.63,56.7588
74.44,72.5967
73.48,71.4572
69.91,71.7085
76.13,75.8278
41.93,69.5304
41.97,66.4361
83.3,72.4364
51.59,58.0729
79.13,75.9629
98.91,90.0806
90.12,80.4041
64.79,65.7936
47.04,55.7404
63.18,63.5455
84.03,80.1205
89.23,82.4356
76.7,64.2784
42.44,50.9689
53.95,60.6432
89.08,67.7474
74.49,73.2531
67.98,65.9433
78.66,73.6854
82.12,77.3027
59.8,62.8765
50.48,57.9503
44.66,54.3214
91.91,83.167
79.34,76.3781
45.64,52.16
97.7,87.1995
74.43,71.042
41.91,69.3324
56.57,72.0609
54.18,58.6494
49.6,70.2667
71.87,68.9949
65.41,67.7973
78.18,72.7618
76.25,75.3439
66,68.9557
62.97,64.2122
48.05,52.9145
90.22,75.4971
62.94,64.4625
90.33,80.7601
84.71,82.2602
71.85,71.6013
95.09,87.6585
46.07,57.1091
90.98,82.5512
58.53,62.1656
64.33,65.2513
44.99,68.5129
53.07,57.2011
85.8,81.8437
70.05,67.4788
70.99,71.4656
50.45,56.0447
64.94,74.7592
78.6,76.1153
79.73,76.5475
49.26,55.4451
69.98,67.8605
58.79,62.2491
52.74,54.7933
47.55,56.432
62.65,64.4972
99.58,89.205
89.75,81.1992
41.34,51.5309
90.01,66.4312
43.34,56.5526
52.34,67.5766
72.67,73.2362
50.7,63.5957
86.63,69.7552
88.97,83.9075
83.73,78.1644
61.32,64.4639
80.01,75.6905
45.63,53.7009
65.83,64.4447
88.42,82.7561
68.43,63.7516
83.02,76.5973
61.72,64.4327
61.19,64.7105
85.42,80.7041
86.8,80.054
40.86,65.5088
73.78,70.6736
77.25,71.6297
93.62,83.8037
77.63,69.7712
49.77,58.759
47.03,56.0528
73.53,64.823
64.35,63.7851
67.21,71.0442
53,57.3927
87.48,80.5365
59.99,71.9188
56.77,60.0807
59.96,70.4665
73.42,69.2197
42.78,52.7021
94.86,75.9533
45.92,53.9876
76.91,74.4334
92.31,85.7246
88.04,65.5368
90.86,84.8926
77.18,74.8621
70.09,68.8377
62.44,70.6334
53.43,59.6321
73.44,71.3488
93.37,82.7331
95.18,69.1868
61.42,63.3687
80.23,66.801
48.62,53.9783
98.72,90.4775
68.06,67.8953
65.5,73.0714
61.6,64.7729
84.72,78.1565
94.31,83.9882
63.73,66.0483
73.85,70.9405
83.07,75.912
41.39,53.8921
90.46,83.0505
84.78,67.6962
56.8,60.6348
67.04,66.2797
62.95,63.1151
54.05,59.5344
74.66,75.4309
61.66,64.0473
79.78,74.7458
73.87,66.065
85.98,79.916
49.95,57.3213
57.5,61.6497
88.57,67.2156
42.12,51.4243
78.35,74.8401
89.64,83.4239
94.94,82.834
54.1,59.5143
79.68,73.2328
74.4,72.8005
60.11,62.1796
63.89,66.7149
57.47,66.5298
79.08,76.1897
66.45,67.4217
45.14,56.407
56.09,61.3472
86.43,79.9299
99.09,88.4255
75.91,69.8009
83.34,78.4442
66.64,68.1497
92.6,84.7262
87.16,73.2238
40.83,51.4016
56.49,61.9143
84.96,80.9044
78.42,77.8276
40.19,48.9845
72.93,73.1426
64.06,63.4588
58.19,64.5761
78.72,76.4941
97.92,87.3444
83.03,74.6141
41.95,52.5954
67.7,69.5269
86.29,80.8228
61.23,62.7615
49.16,57.0387
65.18,65.3801
40.49,48.8547
65.41,64.8839
71.17,70.8799
49.71,72.3012
46.52,55.9119
57.38,67.6627
58.42,60.0207
45.85,56.8863
93.81,83.9812
81.86,67.0642
67.84,68.3553
85.39,77.9648
43.23,73.4761
83.23,78.3404
82.24,73.573
82.01,77.894
60.94,65.0781
58.74,66.4795
85.84,80.2994
77.97,75.0982
44.69,51.3022
44.18,55.276
94.37,72.7013
68.06,68.5604
86.6,78.7542
88.94,81.6484
41.16,53.6283
75.27,71.8397
55.03,60.8034
88.79,83.4183
52.06,59.3543
51.27,57.6054
81.21,78.5513
69.46,68.9194
79.64,77.5766
61.9,62.6695
41.68,50.581
98.44,74.2306
44.41,54.1302
66.95,66.8953
78.1,70.1285
51.44,70.5761
72.02,71.5089
52.5,60.6872
48.47,54.6096
85.54,62.944
59.36,67.6131
54.64,60.5873
84.16,78.7268
60.75,70.6218
83.6,63.1272
52.7,58.5947
68.13,67.8687
79.21,77.2455
51.95,74.6552
64.61,66.7091
86.8,80.2922
98.46,88.6774
52.41,57.7991
42.37,71.215
81,79.0973
92.55,80.2419
87.91,84.7086
50.92,58.2355
73.92,73.2407
58.63,63.2811
67.4,68.8945
63.59,66.642
69.27,69.916
60.97,62.6631
96.22,88.5584
73.75,69.7563
90.57,82.7466
85.64,68.0089
79.67,75.697
69.81,66.5838
76.81,75.5871
61.36,64.6645
66.68,64.4141
60.04,75.8
48.54,56.3642
49.56,56.1873
67.88,67.7768
96.26,85.8888
65.55,66.5045
95.92,86.1472
49.69,56.6056
49.41,55.3608
96.96,85.3661
70.58,71.0735
91.84,86.0853
70.6,70.0945
85.52,67.5189
65.53,66.1698
44.41,51.5951
77.44,76.0105
48.9,55.1321
57.58,61.3555
84.61,79.8042
47.45,56.6005
81.95,77.9721
90.58,84.4013
41.19,57.6885
54.02,60.6708
96.71,87.559
53.08,60.4648
52.85,57.5248
91.12,67.9611
90.81,78.7464
79.67,78.0943
89.57,79.3528
52.5,56.8052
63.27,65.6122
78.45,72.5468
90.34,85.4954
68.44,72.7919
98.8,89.3143
71.34,70.294
78.59,68.2135
65.12,66.5309
41.15,50.7858
69.8,67.3221
95.68,85.5932
45.26,52.8972
67.56,70.5088
96.85,88.7693
82.08,76.7198
75.36,74.4878
56.84,66.7017
87.17,80.9112
80.07,71.9694
61.46,65.3848
88.11,82.7329
52.67,67.4562
44.55,51.717
76.28,71.034
48.08,56.7106
47.19,73.6159
68.28,72.8093
80.11,76.0625
78.48,74.4456
48.67,59.0398
78.01,75.6474
64.29,64.3519
88.09,78.0914
59.95,65.3374
92.41,82.9142
52.73,59.5704
57.64,71.8168
81.01,78.2044
88.02,82.0171
47.55,71.6982
72.46,69.2014
81.34,76.291
40.02,52.1751
43.58,54.9657
65.95,66.3275
99.64,87.4729
65.01,65.4045
58.36,63.3735
80.55,71.7034
48.11,57.0978
43.37,51.7942
68.5,69.4241
45.47,65.9941
64.67,64.5006
61.07,62.9081
72.25,75.3415
75.25,72.0483
74.44,70.1708
71.05,71.5766
68.76,67.7958
70.05,70.4712
84.64,70.0585
75.63,73.5058
44.71,53.1944
58.97,62.5744
62.41,73.3687
94.46,71.4984
42.09,52.6727
96.96,87.8212
97.89,85.7188
41.66,53.862
82.08,79.5798
92.12,74.8145
46.05,53.5367
54.33,61.0507
41.44,67.9103
88.04,82.4222
69.59,63.9713
87.27,81.2053
65.75,66.0504
40.69,52.4945
47.48,56.6941
85.88,77.9563
55.46,59.8103
56.02,59.6235
91.78,86.1117
76.61,73.8006
89.02,72.4256
79.21,73.2276
73.43,69.7787
43.87,52.039
77.31,72.4398
99.55,91.7213
41.78,50.146
79.6,74.5267
40.59,71.7892
76.86,73.4044
47.35,69.8868
61.55,63.9615
78.12,75.2112
91.23,84.643
78.92,76.1084
41.69,54.0413
62.19,67.6766
79.26,78.045
46.8,58.0545
76.37,75.9414
61.79,63.7686
54.95,60.0444
74.37,65.9338
79.69,74.761
61.46,63.978
63.29,66.617
57.17,62.9885
82.34,77.4234
51.44,59.8186
84.3,66.1819
45.27,64.9043
78.86,76.2261
52.43,59.445
77.34,72.4548
96.62,84.9514
53.94,68.9164
56.99,72.5771
74.25,72.489
43.57,51.1597
97.6,67.0521
46.6,55.9135
77.73,75.1627
42.54,64.9898
91.64,82.4346
79.89,80.0702
96.12,86.2326
96.54,87.2892
69.72,70.5508
95.97,86.1066
54.32,68.2081
58.62,62.7173
58.97,61.502
88.36,81.6317
45.94,54.4938
67.34,68.685
44.39,52.2549
64.65,65.6844
43.91,52.6217
71.9,71.4989
70.91,70.1101
99.83,89.8968
67.17,69.7913
40.18,50.3611
57.19,62.9325
88.89,84.086
60.02,61.9172
79.57,75.1968
94.48,85.7615
54.08,71.931
72.47,70.7268
65.47,64.9088
50.95,57.4475
41.29,50.9354
98.59,89.0873
96.1,85.021
52.32,57.9672
95.88,90.025
79.28,74.8489
74.91,73.4257
66.41,68.1994
79.85,73.9804
59.75,62.5219
95.46,88.0455
40.89,45.3873
65.5,67.3924
75.44,75.1252
55.56,61.1652
76.1,67.702
61.75,67.9269
81.02,77.8903
46.76,58.0071
68.1,70.777
50.14,56.4312
60.3,70.7316
49.04,59.7664
78.01,75.8142
80.44,80.2207
87.57,79.0935
60.63,62.208
69.67,70.2799
89.12,61.532
90.31,71.4553
83.5,77.6875
54.83,68.6728
54.79,62.034
52.88,59.4563
72.83,72.0586
43.18,52.0186
43.6,51.4576
91.57,84.1635
90.72,83.3606
83.73,78.4252
74.78,70.2581
59.19,64.1133
51.88,57.5435
65.12,62.9198
70.94,75.8231
48.73,69.3407
84.76,73.178
69.1,65.134
61.66,71.5551
68.49,68.662
90.92,80.4055
99.43,87.7637
77.87,74.068
87.61,77.7158
57.17,63.8906
91.13,83.9231
75.81,73.0998
91.36,81.8509
83.91,81.3527
52.67,65.8979
68.01,72.4171
73.27,73.4366
96.29,84.4483
88.8,82.7021
60.96,63.0914
65.95,66.9534
87.93,68.6015
69.67,72.0188
59.4,67.2222
61.57,61.5648
61.11,65.251
52.88,60.1528
89.05,81.7949
75.88,70.7519
47.5,65.0715
80.71,74.8662
55.95,60.2953
62.17,65.3327
61.86,63.4714
45.89,53.8637
63.09,69.4975
74.14,71.0673
77.31,75.4984
75.32,72.5625
43.9,52.3925
69.57,67.7373
63.24,64.9633
75.63,74.6084
48.47,65.3136
92.48,82.1382
58.02,60.3536
58.33,62.1499
63.23,64.6315
97.99,67.9788
89.13,68.802
60.92,64.8864
48.66,55.8066
55.63,58.3738
52.26,57.7042
61.34,65.9069
91.4,84.3672
76.73,74.0365
84.96,79.7544
71.24,71.4945
70.62,69.9071
82.18,76.8681
60.8,63.0929
59.82,63.3578
56.18,62.1948
90.2,82.1849
44.39,49.6454
74.33,71.1744
88.01,82.071
92.28,84.5024
93.78,83.9562
71.52,68.4719
98,87.0158
49.25,56.7363
57.25,62.9294
94.53,66.5281
64.66,68.4745
54.95,59.6028
43.55,51.6721
96.77,60.1471
42.81,54.2606
70.21,71.7878
62.72,66.3189
82.15,74.5535
89.36,81.5948
55.82,60.621
71.28,72.7556
98.07,87.6636
95.23,83.9247
61.58,66.9603
86.79,77.4589
55.66,59.0358
90.6,85.4919
71.68,69.8889
55.11,57.3464
73.77,73.6749
74.61,67.0538
44.62,58.483
85.22,76.2631
94.57,87.2645
80.46,76.8359
83.28,78.4631
55.63,73.1262
90.53,81.8903
93.83,67.9627
77.22,73.207
65.39,68.3271
77.39,75.9136
64.11,67.873
90.28,83.2641
94.07,85.2786
70.59,69.7708
79.62,77.4341
99.86,70.9479
48.33,53.395
96.29,88.4855
47.76,53.5357
88.42,81.357
87.12,79.649
40.96,48.9048
42.86,54.0612
99.67,91.6514
60.66,67.5665
48.06,61.1865
78.8,72.5993
68.04,68.7509
80.02,74.0892
81.15,76.2429
76.97,76.2573
91.22,84.1006
94.04,87.3027
89.07,80.287
95.74,67.1826
41.37,51.5491
95.28,83.7989
75.35,74.3255
99.5,90.289
43.09,53.6346
67.36,69.8231
81.25,74.06
92.47,85.4848
73.72,72.218
85.06,80.52
51.16,58.7256
46.58,69.3326
69.88,67.9863
85.65,79.127
71.88,69.8878
53.21,59.8253
76.92,68.4782
98.03,84.9624
70.44,71.1068
59.27,72.865
83.82,80.5592
67.77,65.8748
94.55,86.337
85.24,83.1941
68.44,68.4858
93.92,86.8932
84.31,76.794
84.54,79.1046
70.24,70.3753
55.69,71.881
59.4,61.1071
91.12,82.8003
96.99,89.9242
50.95,60.5056
52.91,69.7745
91.62,85.7831
61.21,67.1164
80.91,75.548
51.06,55.8077
62.94,63.589
62.63,73.7774
92.58,83.9037
56.8,61.7268
54.53,69.6712
41.08,52.7688
60.79,63.3473
71.61,71.2686
56.66,72.7887
54.47,60.0839
86.02,79.2551
80.86,76.7438
67.43,68.775
69.74,69.8994
45.29,63.7321
62.02,64.4125
53.55,59.0219
59.57,61.273
63.16,66.3702
59.61,63.1175
47.59,68.0646
53.59,62.7632
99.11,72.7156
90.12,82.6296
40.92,51.8686
77.01,72.9025
55.35,60.2391
46.26,57.3222
82.34,77.3956
47.9,57.1872
77.93,76.148
86.45,67.9423
40.5,49.4605
48.5,57.3085
50.24,56.5529
87.82,80.4814
60.44,61.226
94.37,68.2559
72.69,74.7848
67.93,67.5657
87.22,78.5095
46.09,56.492
56.85,62.7764
74.7,70.4145
86.6,79.1019
55.56,60.7001
65.08,66.702
61.01,63.4027
56.95,63.8892
50.86,57.7137
80.06,78.2897
78.91,74.8365
86.18,75.5058
47.78,53.8951
74.27,73.0669
56.53,60.5825
93.48,73.8858
56.49,58.7522
96.47,83.1484
95.54,85.6029
79.63,72.2657
40.53,67.242
94.67,82.515
93.11,81.9775
63.95,66.5411
90.13,83.4999
90.84,69.4305
89.59,80.3546
94.45,86.2801
47.03,54.3286
96.12,88.5463
59.29,63.4938
88.57,82.7944
84.13,77.9829
81.36,76.3338
41.31,49.3651
94.64,67.4234
52.93,58.8823
43.71,55.0815
44.89,69.6319
40.57,67.811
77.76,73.4447
43.03,51.2982
91.09,84.6558
46.08,57.2532
52.99,58.182
65.46,65.5169
55.29,61.4979
99.83,89.3593
63.19,64.2842
80.81,76.9008
76.46,74.278
77.72,75.779
67.95,66.7822
47.4,70.4323
41.17,52.7458
64.06,69.8086
55.44,59.4879
67.56,66.6001
53.14,60.6251
82.01,68.3266
89.53,66.2553
81.22,79.9048
58.19,62.5287
62.46,64.7033
89.2,81.915
41.55,50.4031
46.16,53.3574
57.47,61.0586
66.16,66.7804
86.05,82.0217
86.4,79.7901
59.22,67.0104
50.51,59.1002
45.43,53.9237
77.94,73.5454
99.15,88.9291
98.27,87.9856
41.98,51.9189
44.98,64.9711
70.73,74.3907
94.9,84.6375
61.89,65.0921
74.55,73.8602
41.62,67.6242
43.19,50.5801
74.74,71.7441
88.12,82.3869
81.61,80.6224
43.64,54.8139
89.05,82.0576
42.58,54.9544
48.24,57.3803
56.51,67.9076
98.58,86.5263
47.07,54.9809
73.67,70.896
55.63,61.8601
64.07,65.7793
95.46,88.5506
66.35,68.4331
94.15,85.2807
85.58,73.5381
81.08,74.4121
55.95,67.5256
80.04,65.6092
83.18,78.4567
79.47,72.8765
46.97,57.6546
85.25,81.9085
54.15,57.1674
50.15,59.0151
51.35,58.0044
73.3,70.8101
63.58,66.2484
50.39,59.8222
60.94,67.4148
84.96,68.6316
44.49,54.6757
88.97,72.1808
89.37,82.3135
42.7,70.9277
58.48,62.8809
94.45,83.7297
95.42,86.4943
91.96,80.8172
58.02,63.8442
44.43,49.8729
57.6,67.6668
55.52,60.7949
90.34,68.4232
88.51,80.6632
69.93,69.3716
54.03,59.7531
40.53,50.9455
71.88,71.6785
91.63,83.0077
91.02,82.9249
93.44,85.1884
96.48,88.685
61.27,75.2457
52.75,61.4065
73.76,71.4994
67.76,68.2771
45.75,53.5092
50.5,58.6388
46.87,53.6292
77.38,77.3953
63.92,65.4719
43.59,51.2145
61.33,70.106
86.31,79.0061
76.91,74.7596
77.91,74.2988
93.25,82.2274
78.78,69.3903
71.29,70.9412
83.08,65.6042
94.59,86.2031
65.87,71.0083
94.25,87.9883
79.47,76.4934
90.88,86.2153
89.5,81.0538
64.31,65.7565
74.17,74.2731
45.92,53.4119
55.74,61.4368
54.75,60.8423
84.53,66.8748
85.84,74.8294
44.19,53.3182
91,84.8671
42.79,64.6094
89.5,86.0125
72.41,67.7812
43.11,54.8744
80.11,72.9209
43.99,56.223
60.76,63.6626
92.08,83.1783
96.6,86.2803
92.9,81.7688
93.69,84.0755
57.34,62.596
49.09,54.4591
78.36,74.8636
69.29,69.6824
74.44,72.851
67.77,69.9441
97.26,82.7634
79.35,75.3798
57.24,59.5151
60.63,64.0788
92.3,67.1141
63.07,67.9157
46.35,54.2243
98.82,60.1063
60.85,68.831
90.18,83.311
44.57,73.3937
41.9,52.6646
76.37,69.5653
66.61,67.8014
89.12,79.6901
54.89,69.8248
58.52,69.7767
69.57,69.2509
62.47,64.733
63.9,68.828
50.03,72.9469
93.81,84.0207
64.15,63.6228
89.12,81.4209
64.9,64.8849
67.26,71.3383
89.8,83.496
53.22,57.9368
61.49,61.7283
63.03,65.6501
54.87,60.9279
88.11,79.4704
58.4,65.4933
95.63,83.7862
82.64,79.6502
96.21,89.9689
79.6,77.8301
55.94,66.0566
61.74,63.4735
78.54,74.7262
58.68,63.1581
44.78,57.0621
82.51,77.3925
73.52,74.2241
95.4,85.9525
57.56,62.4717
61.33,64.3762
71.33,68.9206
53.47,58.8969
68.91,69.7622
64.29,69.4008
46.4,54.4746
89.29,81.5384
52.73,57.5206
82.8,77.6441
49.59,56.9294
46.4,51.8365
51.86,67.8384
86.19,79.7421
89.05,76.1926
65.23,66.2882
71.56,71.6742
52.83,73.011
47.64,55.2475
49.89,53.7485
93.43,82.5153
99.46,88.4719
53.13,58.6106
89.43,82.5141
80.04,76.6512
73.24,72.1432
77.17,72.5505
90.15,81.4945
75.39,71.7693
77.95,74.9729
95.31,87.506
95.79,85.0676
91.48,83.8097
45.08,56.9659
52.81,60.3398
57.37,60.0234
52.46,55.8766
78.53,73.3236
88.27,79.9283
87.47,79.9932
46.44,55.3839
97.78,89.2345
46.46,56.9186
87.09,77.7023
51.89,61.4797
94.65,86.2455
93.45,82.5824
53.11,61.8625
42.88,54.3184
77.42,67.7573
40.62,50.0867
59.57,69.9411
80.26,75.4072
44.54,74.1642
57.31,64.2355
98.89,94.4802
60.91,63.237
84.11,80.4121
48.96,71.3303
70.13,67.0503
85.06,79.9742
53.55,57.5228
46.01,55.5021
95.09,82.362
72.72,72.2319
59.42,62.6475
98.11,84.2751
70.1,71.136
80.98,75.8126
85.41,76.5645
68.35,68.6379
73.63,72.3487
82.8,69.6624
80.6,72.0677
47.35,56.566
49.76,67.5951
85.34,78.6125
66.41,70.4192
60.46,62.1673
66.54,66.7278
97.9,90.493
58.49,64.1883
71.02,69.2369
72.57,72.1225
48.6,58.1114
44.61,73.5572
67.76,68.0789
61.24,72.2623
58.6,60.6008
76.7,72.2408
74.52,73.6461
56.15,62.0311
66.9,65.8408
78.31,71.4762
52.73,57.2633
59.76,63.2677
89.74,74.0817
94.7,88.6496
99.56,69.762
69.8,69.7701
65.14,65.4916
65.14,65.0848
46.22,55.8615
88.43,82.1704
65.95,67.9137
97.66,89.3056
75.49,70.3108
84.61,76.1797
85.65,81.4439
83.59,79.6248
43.54,51.852
72.05,71.766
45.64,53.0264
88.87,79.6428
64.73,64.6767
95.76,87.2849
85.28,79.734
87.26,81.992
74.85,73.4054
58.76,62.2946
43.01,55.7714
78.22,73.4324
79.9,74.8985
56.56,62.3904
53.46,60.036
88.96,70.5363
98.87,86.7782
79.61,76.574
59.17,64.1232
51.51,57.0059
49.08,71.3615
51.29,58.2695
71.33,71.0904
70.72,72.6327
76.24,75.2332
92.41,81.2004
82.01,78.098
78.15,76.5652
47.03,58.375
77.36,75.808
49.06,64.7543
99.2,89.3134
41.29,52.5474
76.51,71.975
65.84,71.0076
45.75,53.4786
45.3,71.9742
74.38,66.1753
57.62,61.5238
58.95,65.3035
64.69,64.4117
45.39,57.8576
90,85.4834
94.74,83.2396
50.58,57.2099
55.13,59.6783
74.54,72.1242
41.69,54.6903
54.78,66.739
99.11,88.0423
71.06,68.0463
65.54,67.4006
62.09,63.9831
87.1,80.7731
44.32,54.1003
98.44,89.3205
96.15,86.1129
41.11,55.7974
84.91,73.747
60.13,63.3235
71.41,69.5502
84.67,81.472
56.38,57.8655
43.98,73.1385
90.96,82.6615
97.19,84.251
49.79,70.8869
66.55,68.5693
99.06,72.9407
43.58,52.799
54.8,71.3291
74.36,72.4387
53.32,58.4349
65.52,65.8258
89.23,85.338
45.7,54.1785
72.92,72.1366
53.46,58.487
44.73,54.6155
69.88,69.4352
79.84,76.5643
83.79,78.7374
58.44,60.354
52,57.297
88.92,63.6387
71.38,73.0334
53.62,57.8323
44.93,54.3449
46.58,58.206
42.36,52.384
60.88,66.0781
86.12,79.7042
68.59,67.3117
45.06,56.2548
86.57,80.5103
85.67,77.4641
54.46,59.0797
69.5,72.8358
50.25,59.0838
80.38,74.5448
62.1,69.5077
59.39,61.3336
72.56,69.3203
48.52,69.7477
92.98,68.3974
56.68,61.8569
50.82,58.677
85.63,79.6672
77.15,68.1867
54.39,64.4007
50.31,60.4338
98.9,70.1144
50.69,66.1899
70.12,71.2714
44.72,57.7338
83.54,79.8875
66.7,66.0929
82.84,79.1251
41.6,49.182
50.72,58.1698
60.52,62.0402
77.73,69.4326
82.67,77.6598
76.18,75.12
82.92,80.0652
94.28,87.7472
48.79,55.503
99.75,86.4548
49.38,57.1017
80.98,78.4168
79.98,75.717
69.55,71.2448
70.49,74.7344
46.38,53.4038
83.56,77.7587
85.33,79.4867
46.63,51.9172
56.58,59.9209
74.54,72.625
47.03,56.4393
56.17,59.9034
64.24,65.881
69.22,66.4281
40,75.373
93.32,79.8256
40.46,74.9275
86.42,80.558
68.23,68.1554
76.44,71.0992
49.85,60.7845
54.29,61.2714
44.01,70.4596
80.78,76.6806
60.56,63.4572
74.53,73.0929
75.08,71.9147
85.98,79.7953
69.58,67.7288
97.93,88.9846
72.62,71.5377
92,68.2375
76.27,66.8301
63.61,67.9545
79.02,76.3038
85.73,78.6109
64.7,64.0397
68.58,69.8712
92.6,80.965
87.46,69.9361
47.46,57.1748
63.33,65.0148
75.06,75.5297
94.69,86.7772
83.82,80.4246
46.07,54.965
79.74,75.2283
76.61,67.5986
86.61,79.3357
73.09,68.4519
99.5,88.1854
75.42,70.392
82.64,66.6485
71.58,70.4762
86.2,81.2174
79.43,73.557
67.43,69.7853
41.94,51.8006
69.17,68.0908
56.68,60.8874
89.29,83.8328
44.79,53.2988
58.41,61.4559
42.16,66.9602
70.03,69.3125
63.69,64.9008
73.42,71.9281
92.49,85.0352
82.27,78.5635
81.25,76.015
43.4,52.337
88.75,68.6357
53.98,73.393
48.72,57.0113
55.71,58.6791
49.1,58.1086
83.7,78.9244
54.39,76.1499
81.51,72.3961
83.8,78.7464
98.12,88.356
53.94,58.8432
45.62,56.294
47.37,57.1948
60.05,65.0136
64.84,66.5583
51.74,59.9928
98.31,84.7989
88.61,67.3145
92.89,85.4628
42.52,53.2523
74.39,72.1495
44.53,54.5444
54.86,67.1361
94.2,71.8598
90.58,82.6504
45.31,52.1025
41.51,51.218
54.1,59.8471
59.98,69.9249
77.59,76.224
47.9,60.7578
52.26,57.5286
91.32,83.4358
42.7,52.8149
61.36,64.1629
43.77,55.9055
90.46,70.0539
86.79,79.9239
94.71,85.9619
64.16,64.2682
65.66,65.3759
72.8,72.4122
61.36,65.9134
87.56,75.6543
78.02,76.6109
81.39,74.6742
79.61,74.2635
51.83,56.269
50.42,74.8816
51.34,70.2086
60.9,66.6863
49.33,57.5796
58.14,70.827
80.82,76.8255
53.89,59.4501
63.18,68.238
97.69,88.3757
75.05,73.2764
96.69,68.7808
99.35,74.1433
90.06,81.1199
62.93,64.0081
75.69,72.6019
62.5,63.7413
64.07,63.9911
72.5,70.8269
98.39,88.1444
82.86,78.1663
94.97,69.7259
48.1,54.4031
98.03,88.9045
65.29,65.0172
51.23,58.3341
98.75,84.9018
62.6,64.4851
60.68,64.649
68.63,69.1287
94.28,84.9213
74.51,69.9336
95.71,85.1397
98.96,93.1045
90.1,72.9051
91.7,81.1005
75.52,74.1152
85.97,80.014
56.48,58.7651
85.9,78.4361
99.14,87.6434
76.7,75.1745
57.5,67.2622
94.56,79.9912
65.43,66.715
97.64,86.7646
86.58,72.1738
63.81,67.6795
94.42,84.0649
80.86,75.9469
45.69,56.4479
77.9,74.7684
92.74,69.6178
50.7,63.1268
61.25,63.0795
79.51,75.3453
41.79,52.553
56.31,61.8448
68.4,70.5327
40.96,75.044
77.15,73.7462
78.8,76.6616
56.64,59.6145
42.03,49.1843
62.37,65.2584
45.82,56.4849
69.68,69.5861
86.06,81.1456
83.57,79.0624
52.08,60.6931
41.24,50.9569
63.91,62.7242
85.85,82.6207
76.43,75.0331
62.78,64.2362
40.57,65.5147
89.29,80.9592
91.06,83.1142
56,60.6344
92.28,80.6878
57.38,61.1885
97.01,89.8551
74.47,74.3648
55.69,61.5157
64.96,69.7119
47.07,54.7899
64.21,70.759
94.28,84.546
53.47,57.9157
